Date,User,Content,Coordinates
2022-10-22 23:11:34+00:00,DonLauweryssen,@DavidHamer_1951 Indeed. This is why my family has canceled its UCP memberships and joined the Alberta Party,"Coordinates(longitude=-119.61697, latitude=49.423628)"
2022-10-22 20:35:23+00:00,Emmanuel_Rach,"Alberta Premier Danielle Smith has just taken the stage at the UCP AGM, the party‚Äôs first since Smith won the leadership and premiership earlier this month. #abpoli https://t.co/xsn0YO3N2G","Coordinates(longitude=-113.69722389414147, latitude=53.50972937974607)"
2022-10-22 16:57:47+00:00,dianesbaker1,"@davetroy @TheNakedParty May 2022, Pierre Poilievre, UCP, CCP candidate, declare he would fire the Bank of Canada governor. As the party destroys public education in Alberta &amp; in Ontario. Students have fewer choices and scores are lower.","Coordinates(longitude=-123.224215, latitude=49.19854)"
2022-10-22 00:45:53+00:00,ClarkeRaodi123,@tomhawthorn BTW..The ruling parties in Alberta were Liberals. UFA Party- Socislist. Social Credid Party of Alberta. Socialists. PCs. Conservative. NDP. Socialist. UCP. Nazis.,"Coordinates(longitude=-113.71368, latitude=53.395531)"
2022-10-20 15:25:40+00:00,CinnamonChichi,@wasootch @Alberta_UCP @Dave_Khan @albertaNDP Congratulations for joining BTW.  I like to mention that I run a successful small biz at the door.  You should too.  Albertans have been conned into believing that the UCP are the party of business https://t.co/oG5wo8Gsel,"Coordinates(longitude=-114.3160379, latitude=50.84278)"
2022-10-19 19:52:16+00:00,LeonardGould6,"..yeah.this Calgary anointed BIMBO,chosen by the eminently wise and inscrutable ""sagacious ""grandfathers""of the MJT/DJT/S.O.L.chapter of the American ""Robert E.Lee""PARTY,(in ALBERTA, called UCP - in EDMONTON,called GONE!-issues  their, WELCOME BACK RACHEL drum beat,&amp;bumper stckr https://t.co/eCuf064Ln5","Coordinates(longitude=-113.71368, latitude=53.395531)"
2022-10-18 15:44:40+00:00,tzilkie,@ABDanielleSmith you are a big reason why I will not vote @Alberta_UCP in this coming election. Your party‚Äôs shenanigans over the years is why I will most likely never vote con again. #dobetter #shister #abpoli https://t.co/W3ZsFn9ZGc,"Coordinates(longitude=-113.052581, latitude=52.929859)"
2022-10-16 01:02:04+00:00,sbrucecanada,@TimMcDermott8 @AP @ABDanielleSmith The vote of UCP members where she became party leader and premier of Alberta.,"Coordinates(longitude=-113.7070882, latitude=53.599415)"
2022-10-14 21:10:07+00:00,ItsPaulNeumann,Premier @ABDanielleSmith will not be challenged by any @buffalo_alberta Party candidate in her by-election. #ABleg #ABpoli #UCP https://t.co/AXAOir5UPl,"Coordinates(longitude=-113.6007232, latitude=53.233624)"
2022-10-14 01:16:49+00:00,AndersonBooz,"Yeah
 @ABDanielleSmith caught lying AGAIN.

Why did the @Alberta_UCP choose a second leader already known to be a frequent liar? Such bad judgment - and then they're upset if people outside the party sees them all as ignorant and corrupt!

#abpoli #ableg https://t.co/DumFFSTLQ7","Coordinates(longitude=-113.71368, latitude=53.395531)"
2022-10-13 19:52:03+00:00,gthomsonink,"@Marty_Chan @davecournoyer It‚Äôs tricky and complicated. Some ‚ÄúRest of Alberta‚Äù ridings vote strategically - supporting the candidate of the party expected to form govt. Medicine Hat (eg) safely voted PC for decades. But went Wildrose in 2012, voted NDP in 2015 and went UCP (under Brooks-MH) in 2019.","Coordinates(longitude=-113.71368, latitude=53.395531)"
2022-10-12 14:39:08+00:00,AndersonBooz,"@ABActivist LOLZ - No. I would have been blocked after objecting to a lie.

Of all the liars in the running to be leader, Smith was the most practiced. That the @Alberta_UCP voted her as leader tells you the whole party is sick.","Coordinates(longitude=-113.71368, latitude=53.395531)"
2022-10-11 23:02:13+00:00,IBDiFisch,Yup‚Ä¶welcome to The UCP in Alberta‚Ä¶ the party of NeoNazis &amp; knuckle draggers https://t.co/UOithKw9Ts,"Coordinates(longitude=-113.71368, latitude=53.395531)"
2022-10-10 14:45:56+00:00,paladine,"@grandmommy10 @calgaryherald Many Albertans are feeling the same way. She's never been elected. Holds no seat. Upcoming byelection tho. She chose where. From demographics, some say NDP and Alberta Party may split the vote with UCP coming up the middle. Provincial Election in 2023. Ugh.","Coordinates(longitude=-113.71368, latitude=53.395531)"
2022-10-09 14:31:01+00:00,jaimeturner,"@DuaneBratt In other news... @Alberta_UCP clearly not United has been rebranded the Undemocratic Conservative Party of Alberta. @ABDanielleSmith doesn't care about Alberta, she cares about power, her own self-interests, and a small, extremist subset of the right. 

#ableg #abpoli #cdnpoli","Coordinates(longitude=-114.3160379, latitude=50.84278)"
2022-10-09 06:52:29+00:00,MauriceIRyton,@ABDanielleSmith @Alberta_UCP @michaelaglasgo Your friend bailed while the bailing was good. Smart politician she is. You not so much. It will be interesting to watch those who did not vote for you ensure your political demise within the party.,"Coordinates(longitude=-113.71368, latitude=53.395531)"
2022-10-08 00:39:11+00:00,paladine,"@roz_avanthay Under 85,000 UCP party members voted. Under 3% of Alberta. No seat, no ma","Coordinates(longitude=-113.71368, latitude=53.395531)"
2022-10-07 22:47:48+00:00,CanadaOpinions,"@ABDanielleSmith @Alberta_UCP I have voted conservative every year since 1976 but you will not get my vote. The party is no longer conservative and has become extreme right wing, like little Trumpers. Too bad.","Coordinates(longitude=-114.3160379, latitude=50.84278)"
2022-10-07 14:43:21+00:00,SprntgStilettos,"@DanielleSmithTV Eight months. Eight months until Alberta has an actual election and we can turf this new nutbar premier chosen by small-minded extremists in her UCP party.

She doesn‚Äôt represent us, and hopefully never will. Good luck to us all, and hang tight! We can do this.","Coordinates(longitude=-114.3160379, latitude=50.84278)"
2022-10-07 14:36:42+00:00,DJKinseyBooks,"@ABDanielleSmith Check yourself. After 6 ballots, 53% of 85K UCP members voted you leader of a VERY divided party. You haven't been elected to a seat in the Legislature. 

You don't represent Alberta and you don't represent me. Call an election. #AbLeg #abpoli #ucpldr https://t.co/90j4qY43Rn","Coordinates(longitude=-114.3160379, latitude=50.84278)"
2022-10-06 22:20:38+00:00,LenzyJ,"@devmanwalkin @joewhitbread Well I paid the nominal fee for an UCP membership to have my say in who I think the right person to lead Alberta's most family friendly and fiscally responsible political party.
I seen what the alternative was after the 2015 Election and NEVER want to have that experience again !","Coordinates(longitude=-114.529065, latitude=52.234113)"
2022-10-05 15:31:10+00:00,beachmagoo,"@EricGrenierTW With #FPTP elections in Alberta your votes don‚Äôt matter if you vote for any party but the #UCP or #NDP
Only #ProportionalRepresentation will allow freedom of choice for voters.

#abpoli","Coordinates(longitude=-114.3160379, latitude=50.84278)"
2022-10-04 21:13:46+00:00,HmGinYYC,"@XenoCanadian @NikaDragomira @lschiefner @SandraCQuad @PierrePoilievre @CPC_HQ @Alberta_UCP @liberal_party @albertaNDP So...about your better options have you found any yet? I've given you what...3 hours to find something better than @liberal_party policies for üá®üá¶ in 2022. If you need more time let me know, I'm sure it's a...daunting task.

 #cdnpoli","Coordinates(longitude=-114.3160379, latitude=50.84278)"
2022-10-04 19:20:50+00:00,HmGinYYC,"@XenoCanadian @NikaDragomira @lschiefner @SandraCQuad @PierrePoilievre @CPC_HQ @Alberta_UCP @liberal_party @albertaNDP I mean all Canadians including you! Our current govt's policies on climate change, our economy &amp; democracy are far superior to anything proposed by the opposition. A very weak &amp; disorganized opposition I might add.
#NeverVoteConservative until we have a reason to. #cdnpoli","Coordinates(longitude=-114.3160379, latitude=50.84278)"
2022-10-03 02:29:54+00:00,DavidCloutier,"Alberta can‚Äôt afford four more years of UCP infighting, special interests, and out-of-touch policy. Jason Kenney may be on his way out, but a new UCP leader won‚Äôt be able to fix these deep issues in the fabric of their party. Alberta deserves better. #ableg https://t.co/ZBKFM72DxK","Coordinates(longitude=-114.3160379, latitude=50.84278)"
2022-09-22 17:53:41+00:00,MauriceIRyton,It amazes me how this UCP party spends billions on patronization yet cuts anything that serves the people of Alberta. Now we have a commissioner to keep teachers in check. Odd how the ATA was able to do this for decades. Watch for some big law suits coming soon. Insanity!,"Coordinates(longitude=-113.71368, latitude=53.395531)"
2022-09-08 16:26:14+00:00,RichardGotfried,"@varmitage27 @ChezGreenMD @UCPCaucus @Alberta_UCP This is the Brand I‚Äôve been proud to represent since the day I was blessed to be born in this great province! But all people, organizations, &amp; yes, political parties best understand that they need to live up to/ride for the principles, promises and trust that build their brand! https://t.co/YTnNaiQLQt","Coordinates(longitude=-114.3160379, latitude=50.84278)"
2022-09-03 02:22:15+00:00,culanicki,"See, THIS is what #ucp leadership candidates SHOULD be focusing on. Instead they move the opposite direction. Even the Alberta Party thinks in the right direction. #abpoli https://t.co/g9aSlyH5c7","Coordinates(longitude=-113.71368, latitude=53.395531)"
2022-09-01 19:13:16+00:00,SharonM28627721,"@RachelNotley Diversification IS happening under the UCP, but we should make as much money as we can from our natural resources, &amp; that‚Äôs why we can never allow another NDP government in Alberta, because the NDP socialist party has poverty &amp; misery as their ultimate goal for all Albertans!","Coordinates(longitude=-114.3160379, latitude=50.84278)"
2022-08-23 23:18:31+00:00,53swimorsink,"@rajmansez @DuaneBratt @LeelaAheer @Alberta_UCP YesüôÑThe UCP is not united at all, and apparently does not want Leela speaking for them. Her ideas are way too moderate for most of them. I‚Äôm surprised she thinks her brand of UCP would be accepted by a majority of her party.ü§î#ableg","Coordinates(longitude=-114.3160379, latitude=50.84278)"
2022-08-17 18:50:59+00:00,anonfmresident,@UcpMembers @BrianJeanAB @Alberta_UCP @ABDanielleSmith While Boob bus lady is extreme crazy everything from the Clown party is nonsense.  A new ring leader visit going to change it.,"Coordinates(longitude=-79.810142, latitude=43.373074)"
2022-08-11 16:28:06+00:00,Out_OnA_Limb,"@Ecohesian For many years I met with Alberta PC‚Äôs when they had power. Then 4 years I met with AbNDP when they had power. Currently I meet often with UCP Ministers office. I will always work and meet across party lines. Ministers, MLA, are here today gone tomorrow. I‚Äôm not. I‚Äôm still here.","Coordinates(longitude=-113.71368, latitude=53.395531)"
2022-08-10 01:24:30+00:00,JasonPYYC,I just love how all the women @Alberta_UCP MLAs who belong to the ‚ÄúShields Up!‚Äù and Chris Champion party are absolute amazed and disgusted they‚Äôd award a racist/misogynist essay.,"Coordinates(longitude=-114.3160379, latitude=50.84278)"
2022-08-07 20:12:38+00:00,DonLauweryssen,"@RachelNotley With full radicalization of the UCP nearly complete, there will be a political void in Alberta formerly occupied by the Progressive Conservative party. But for your party name I think you could be the common sense progressive conservative leader so many of are looking for","Coordinates(longitude=-119.4538212, latitude=50.150997)"
2022-08-03 14:38:17+00:00,Out_OnA_Limb,"Now I know why Alberta Party wanted Greg Clark out and gone from their party. He‚Äôs UCP dressed up as AP. 
Thank gawd AP got rid of that junk. The last thing we need is more folks that hate #disabled people &amp; #seniors. #AbLeg #AbPoli #Yeg #Yyc","Coordinates(longitude=-113.71368, latitude=53.395531)"
2022-08-01 15:40:40+00:00,itsmeterah,@MarieFrRenaud @BrianJeanAB @JustinTrudeau @CanadianPM @theJagmeetSingh  @NDP @albertaNDP @liberal_party @Alberta_UCP @YourAlberta @Disability_WP #EndDisabilityPoverty #CanadaDisabilityBenefitNow,"Coordinates(longitude=-113.71368, latitude=53.395531)"
2022-07-29 16:33:00+00:00,Sally_Mansour,"@peteremcc @boehmerB It‚Äôs totally ethical and not a lie if they want what‚Äôs best for Alberta! The last 5-10 yrs of political events have made A LOT of past PC &amp; WRP members feel like the #UCP isn‚Äôt their party. It will only become their party if they join and vote! 
You: judgey üò†
Me: Welcome ü§ó","Coordinates(longitude=-114.3160379, latitude=50.84278)"
2022-07-29 03:02:31+00:00,itsmeterah,"Yes! Reinstate mask mandates 

@RachelNotley @BrianJeanAB @JustinTrudeau @CanadianPM @theJagmeetSingh @CMOH_Alberta @NDP @albertaNDP @liberal_party @Alberta_UCP @Alberta_UCP @JasonCoppingAB @MikeEllisUCP @YourAlberta @CPHO_Canada @AHS_media https://t.co/nmwTeYsiA7","Coordinates(longitude=-113.71368, latitude=53.395531)"
2022-07-26 13:51:41+00:00,theJaredPilon,"Attention @Alberta_UCP leadership candidates,

If you are running on a platform that states jailing pastors is wrong and that the AB gov needs to stand up to @JustinTrudeau, you need to be:

1. Not a 3 year MLA, or
2. A 3 yr MLA who got thrown out of the party for speaking up","Coordinates(longitude=-114.571835, latitude=51.881752)"
2022-07-25 22:00:36+00:00,CailinasEirinn,"‚Äú ‚Ä¶ federal Conservative MP Michelle Rempel Garner has cleared a barrier for entry into the United Conservative Party leadership race to replace Alberta Premier Jason Kenney after the UCP agreed to let her run despite ‚Ä¶ not being a party member for long enough.‚Äù

Huh. üßê https://t.co/zJRWAGFmo3","Coordinates(longitude=-124.064698, latitude=49.097301)"
2022-07-21 16:19:29+00:00,CailinasEirinn,"@RajSherman @lorenfmonty @Alberta_UCP @FortMacToday @CityofRedDeer @CityofGP @medicinehatcity @LethbridgeCity It will never, ever be a ‚Äúbig tent party.‚Äù

That ship sailed a long time ago, after Peter Lougheed.","Coordinates(longitude=-124.064698, latitude=49.097301)"
2022-07-19 14:35:13+00:00,AndersonBooz,"@TheBreakdownAB @Alberta_UCP was born of corruption and lies and it will always be the party of corruption and lies.

Of course they welcome Smith.

Let's hope Albertans get smarter very quickly.

#abpoli","Coordinates(longitude=-113.71368, latitude=53.395531)"
2022-07-18 18:41:21+00:00,malotothecore,"Let‚Äôs see 
crisis in the ER‚Äôs 
Crisis in the hospitals
Crisis in the ambulances
Crisis in the hospitality sector
Crisis in worker shortages.. 
maybe the @Alberta_UCP should be renamed Alberta Crisis Party! #abpoli","Coordinates(longitude=-113.71368, latitude=53.395531)"
2022-07-13 04:29:38+00:00,tzilkie,@jkenney @JasonCoppingAB @Alberta_UCP @liberal_party ACCOUNTABILITY NOW!!!!! https://t.co/u1VovLlUSF,"Coordinates(longitude=-113.052581, latitude=52.929859)"
2022-07-07 17:48:52+00:00,djhowat,@SnowdenElect @badasssdadass @ABDanielleSmith @JustinTrudeau @Alberta_UCP @liberal_party @jkenney https://t.co/SBDQr2qJet,"Coordinates(longitude=-114.3160379, latitude=50.84278)"
2022-07-07 14:53:44+00:00,djhowat,@SnowdenElect @badasssdadass @ABDanielleSmith @JustinTrudeau @Alberta_UCP @liberal_party @jkenney https://t.co/BZ9rZxCvKy,"Coordinates(longitude=-114.3160379, latitude=50.84278)"
2022-07-01 00:16:55+00:00,wandreef,"I live here in 'Berta. Thank you @JustinTrudeau for providing the vaccines and support to people in #Alberta. I apologize for the UcP but really, math competence hasn't been a strong characteristic in the UCP party. It was probably an accounting error. Nixonüò¨ https://t.co/0gknfnaKDt","Coordinates(longitude=-114.803736, latitude=55.249654)"
2022-06-24 02:53:48+00:00,KenBoessenkool,"Tonight a leader with two decades of energy experience demonstrated her approach to make Alberta stronger. 

@RajanJSaw is the clear choice for a better future for the @Alberta_UCP party, the province and Alberta families. https://t.co/Jm3YsvzLyu","Coordinates(longitude=-113.601905, latitude=50.04808)"
2022-06-23 20:34:03+00:00,littleolmeyup,"@Mitchell_AB The Cons in Alberta need to form a new party and let the UCP infight their way into extinction. How I‚Äôd love to see something more in the middle, without the extremes of the UCP and the NDP. Alberta Party tried but had no backing from ‚Äúreg‚Äù Conservatives. I miss the middle.","Coordinates(longitude=-115.2092535, latitude=35.984784)"
2022-06-18 20:16:14+00:00,HmGinYYC,"@jamieLaLL @BarbLarochelle @zaidi71 @BrianJeanAB Yeah. Right. @Alberta_UCP your integrity, trustworthiness &amp; good government don't add up to anything positive for Alberta. Your party &amp; it's policies should be ground into paste next election for what it(they!) Have done to this Province. #abpoli","Coordinates(longitude=-114.3160379, latitude=50.84278)"
2022-06-15 23:56:29+00:00,TruckinEh,@DarrenBurchill @ABDanielleSmith @Alberta_UCP Sounds good.... But first I'd like to know why you left the party you led and joined Redford only to be crushed by the NDP in the next election?,"Coordinates(longitude=-113.601905, latitude=50.04808)"
2022-06-15 16:21:04+00:00,RommelR02372947,"Bell: UCP off track says Kenney minister and leader wannabe. ‚ÄúYou know what, Alberta. You know what, party members. You‚Äôre right. We hear you. We‚Äôre going to get back on track.‚Äù https://t.co/9PSRmNbKkq","Coordinates(longitude=-112.93618, latitude=49.620144)"
2022-06-14 05:05:34+00:00,RagingLibNana,@JulieYAli @alisoncassis1 @jkenney @JasonCoppingAB @CMOH_Alberta @Alberta_UCP Not all albertans. About 30% have a blind hatred. NDPers do not.   The rest are just jealous of him. We have so many different political parties that conservatives benefit from all the split votes.,"Coordinates(longitude=-114.950088, latitude=52.355736)"
2022-06-09 15:52:22+00:00,KristinRaworth,"I think the fact 2 women of colour are running for the leadership of the UCP, first for provincial conservative politics in Alberta &amp; a first for any party I believe, is fantastic. Representation matters and @RajanJSaw and @LeelaAheer show young girls they can do anything https://t.co/oB8UuQWK8f","Coordinates(longitude=5.7258434, latitude=43.1266266)"
2022-06-08 00:00:52+00:00,joanchandoiseau,"Congratulations @LeelaAheer - your announcement today re @Alberta_UCP‚Äôs Leadership race - I applaud your decision to step forward to lead. Party politics aside, we need more elected officials who consider it a privilege to work together to serve Albertans #leadership #abpoli","Coordinates(longitude=-114.728795, latitude=50.794298)"
2022-06-05 02:53:35+00:00,HighlandDude,@TrishNuttall @JAnneliese16 @RachelNotley The fact is they did it. So you'd support tbe UCP who will just find something else to cut? One of the other parties that are just another colour of conservative? Or the NDP? I choose the NDP. I don't believe the Alberta Party cares any more than the UCP.,"Coordinates(longitude=-113.71368, latitude=53.395531)"
2022-06-04 18:11:43+00:00,HighlandDude,@Dee_Liberate My question is why are you attacking the NDP? The ones to be attacking are the UCP. They are the problem. As a Albertan who educated myself on the things that matter to me - I know the NDP are who I am supporting. The Alberta Party is useless and the UCP is toxic.,"Coordinates(longitude=-113.71368, latitude=53.395531)"
2022-06-03 02:38:22+00:00,red90rover,@amritnannan @LukaszukAB @Alberta_UCP The conservatives are never fiscally conservative. They always have more debt than progressive parties.,"Coordinates(longitude=-114.3160379, latitude=50.84278)"
2022-05-25 22:00:12+00:00,canada_disabled,"#ODSP #PWDAllies #PWDAlliesON #PwD
#PWDVote2 #MAID 
@JustinTrudeau @CanadianPM 
@liberal_party @OLPWarRoom @ontario_liberal @OntLiberal @RightsGAC  @CdnHumanRights @NDP @CQualtro @CPC_HQ @BlocQuebecois @CanadianGreens @R_ODSP 
@OntarioGreens @peoplespca @CPC_HQ @Alberta_UCP ‚¨áÔ∏èü§¨ https://t.co/Lv89GPi0h4","Coordinates(longitude=-78.214621, latitude=43.631257)"
2022-05-21 00:35:43+00:00,beachmagoo,"@maxfawcett Alberta needs two conservative political parties plus #ProportionalRepresentation to move forward.

Continuous policy improvement not policy flip flop.

No more single member districts. Improve rhetoric &amp; represent the vast majority of voters.

#abpoli #ableg #ABNDP #UCP #LPC","Coordinates(longitude=-114.3160379, latitude=50.84278)"
2022-05-20 00:42:27+00:00,maddworldca,Albertans definitely have ‚Äúa trust thing‚Äù w/ @jkenney! Post lists some reasons why - tho there are so many more. Do you trust rest of @Alberta_UCP party to do better for ABs w/ different leader? #ableg #abpoli #politics #ucp #party #Alberta #premier https://t.co/Gd8sXdYGWu,"Coordinates(longitude=-114.728795, latitude=50.794298)"
2022-05-19 23:40:38+00:00,HarchReality,"@cowtown1979 @jkenney @Alberta_UCP A ""bit"" of character ü§£. You'll note that he hasn't actually stepped down, and that his intent to do so is conditional on the party finding a new leader, for which there is currently no timeline? You've been suckered once again","Coordinates(longitude=-114.728795, latitude=50.794298)"
2022-05-19 01:14:48+00:00,mneal67,"Boom!!!!  Get the fuck out of Alberta @jkenney Edmonton Journal: Kenney UCP party leadership review results.
https://t.co/JI9HZ6RQPz

via @GoogleNews","Coordinates(longitude=-113.71368, latitude=53.395531)"
2022-05-18 19:23:30+00:00,anonfmresident,@AlNickel1 @MBellefontaine @BrianJeanAB @Alberta_UCP @Drew__Barnes With the current rejects they need 1 more.  Four is an official party meaning funding resources and a question period allotment.  Only thing holding the big blue circus tent together is fear/hate of the NDP.,"Coordinates(longitude=-114.001159, latitude=55.329481)"
2022-05-18 19:06:28+00:00,anonfmresident,"@AlNickel1 @MBellefontaine @BrianJeanAB Bottom line is @BrianJeanAB will not run as @Alberta_UCP again. Can't really predict the odds of each scenario but only possibilities are
1)  Sits as a quiet UCP backbencher
2) Sits as as an IND
3) Joins @Drew__Barnes et al forming the Reject conservative parties
4) Quits again","Coordinates(longitude=-114.001159, latitude=55.329481)"
2022-05-13 23:53:55+00:00,IsisWise,"Jason Kenney‚Äôs leadership review is imminent; will he stay in Alberta as his leadership of United Conservative Party is decided? Earlier this week it was reported that his UCP party paid for memberships in bulk and is under investigation.
#NeverVoteConservative #ABleg #Cdnpoli https://t.co/zzWBVa2GVW","Coordinates(longitude=-114.3160379, latitude=50.84278)"
2022-05-08 00:28:05+00:00,IsisWise,"Jason Kenney‚Äôs United Conservative  Party Under Investigation:
Elections Alberta investigating allegation of bulk UCP membership purchases. https://t.co/hQG7sZCwAQ #NeverVoteConservative #ABpoli #CPCDumpsterfireüî•","Coordinates(longitude=-114.3160379, latitude=50.84278)"
2022-05-07 03:06:20+00:00,ResetAlberta,"@brenda97444372 @AlbertansFirst @sunrickbell @jkenney @Alberta_UCP Ah, technically it's ""Fifty-nine per cent of people who voted UCP in the 2019 election want a new leader.""
https://t.co/G1AaPoRGcx
I just inferred those who want a new leader are looking for a new Party. https://t.co/UxLlCSxxKG","Coordinates(longitude=-114.3160379, latitude=50.84278)"
2022-05-05 17:21:25+00:00,CggGordon,Have been Unacceptable for so long. When is Young #Millennial Chinese #Gordon üë®üèªüßèüèª‚Äç‚ôÇÔ∏èü¶ªüèª going to be Accepted @Canada? @JustinTrudeau &amp; his @liberal_party #Government do not accept this Albertan to the West. @Alberta_UCP/@CPC_HQ do not accept me neither. #Alberta #Yeg #iPhone üë®üèªüßèüèª‚Äç‚ôÇÔ∏èü¶ªüèª,"Coordinates(longitude=-113.71368, latitude=53.395531)"
2022-05-04 13:23:48+00:00,wandreef,The #AbLeg #alberta #UCP party hates sick people. Especially people with #diabetes. #ResignKenney https://t.co/p60isvhHOk,"Coordinates(longitude=-114.803736, latitude=55.249654)"
2022-04-23 01:51:34+00:00,beachmagoo,"@joececiyyc @Frazzling @jkenney What I learn about Alberta politics is neither the #UCP or #NDP support #ProportionalRepresentation 

Both Parties are focused on Party power with too little focus on representing the people.

Support #ProportionalRepresentation  if your serious about democracy.

#abpoli #ableg","Coordinates(longitude=-114.3160379, latitude=50.84278)"
2022-04-10 14:07:50+00:00,RommelR02372947,"@DuaneBratt @Spearmac @jkenney politically still is alive, he‚Äôs not the problem, but, the traditional wing in UCP caucus and their views are fragmented and there are not consensus towards priorities affecting communities from different backgrounds across Alberta, leading to a broken party.","Coordinates(longitude=-112.93618, latitude=49.620144)"
2022-04-07 05:11:56+00:00,tzilkie,Watching @jkenney in the death throws of his political life is an interesting sight to be sure. @Alberta_UCP he will be the death of progressive conservatism &amp; your party  in AB if he‚Äôs allowed to continue. #wayofthedodo https://t.co/MxoinRNAVs,"Coordinates(longitude=-113.052581, latitude=52.929859)"
2022-04-01 13:07:46+00:00,J_AbasMB,"The state of #abpoli is focussed squarely on an internally divided party that can‚Äôt run a province. I‚Äôd say Alberta deserves much better. The premier does not need replacing with another UCP member, the UCP needs to be voted out and replaced entirely. #ableg","Coordinates(longitude=-3.07452, latitude=56.451371)"
2022-03-30 22:13:52+00:00,ClarkeRaodi123,@TheBreakdownAB @BrianJeanAB @UCPCaucus @JustinWieting truthfully if he ran for the Alberta Party he may actually have formed government. His association with the UCP and its corruption drags him to their level.,"Coordinates(longitude=-113.71368, latitude=53.395531)"
2022-03-24 13:16:34+00:00,lowriderr1212,"@kiaraisback13 Did you hear what happened here in Alberta? We are trying to get rid of our premier, and there is a popularity vote to see whether he stays or goes, there are a lot of members new memberships in the UCP party, and I am even one of them who paid $110 to be one, the vote was to be","Coordinates(longitude=-114.3160379, latitude=50.84278)"
2022-03-11 17:04:09+00:00,LeonardGould3,"....&amp;everyone in ConfederateSouthern ALBERTA!thinkin'(at least in the UCP""CALGARY  'Secede-from-the-Union Party""(the ""secede-frm-Confederation&amp;-join-Putin's Petro-state Pooters!üí©ü§îLookin' lk the set of ""Cowboys &amp; Aliens""üëΩ,  ""shootin'6-guns at the Covid""cooties""&amp;whoopin' 'round! https://t.co/dtgWlyA9K4","Coordinates(longitude=-113.71368, latitude=53.395531)"
2022-03-10 03:59:44+00:00,beachmagoo,"@BrandonTozzo @savoirfaire_2 Alberta will get rid of the UCP next election.

We have a two party system now.  The Liberals are not popular  since the NEP about 40 years ago.

Welcome to the Alberta two party system with #FPTP 

#ableg #abpoli #cdnpoli #onpoli","Coordinates(longitude=-114.3160379, latitude=50.84278)"
2022-03-04 02:16:53+00:00,OldBrew75,@ryanbolin @Alberta_UCP Definitely not our grandparents party.,"Coordinates(longitude=-114.571835, latitude=51.881752)"
2022-03-03 14:40:31+00:00,aggieloveseggs,@mayorblaine @SweetGeorgia_77 @Alberta_UCP Good luck finding a party that doesn't play favours. Such a thing doesn't exist.,"Coordinates(longitude=16.4280679, latitude=49.1096353)"
2022-02-25 02:10:42+00:00,alberta_cw,"The UCP‚Äôs answer to a balanced budget is bitumen.
The Alberta Party‚Äôs answer to a balanced budget is an Alberta sales tax.
The NDPs answer to a balanced budget is they don‚Äôt have one.

All the above have $100-150+ billion in debt

A Republic eliminates all debt with its surplus https://t.co/nlQqsH0jr8","Coordinates(longitude=-114.3160379, latitude=50.84278)"
2022-02-25 01:57:09+00:00,roysplacerest,@jasonph78 @TrentOster @Alberta_UCP @jkenney @BarryMorishita @AlbertaParty @albertaNDP @FreedomAlberta @UCPCaucus I‚Äôve been involved with the party for a while now. President of the Livingstone Macleod CA and with good people like @brdautremont @BarryMorishita @StantonBrenda @TrondFrantzen @ABpartyBow many good people with similar thoughts as your own. Know that this is a positive choice,"Coordinates(longitude=-113.6011, latitude=49.99398)"
2022-02-23 19:48:11+00:00,CailinasEirinn,"@yesssi @yknot05 @NDITF @Jenni_Byrne I remember voting Conservative when the Wild Rose Party looked as if they may be elected to power. 
I had sworn off them for years, but WRP was a bridge too far for me. 
It hurt, but I did it. 
There‚Äôs got to be a way to convince them. 
If UCP are elected, Alberta is done. Over.","Coordinates(longitude=-124.064698, latitude=49.097301)"
2022-02-17 00:43:41+00:00,LeonardGould3,"https://t.co/UsIvYamhP1 https://t.co/PjK6nZ6wF9  RIGHT! ‚úÖ ‚úîCOUTTS, ALBERTA!Just cost KENNEY THE IDIOT!,his UCP HOTTENTOT PARTY ü•≥leadership!,ü§™üòúin the same fashion tht it cost ERIN O'TOOLE,their TWIT!, his leadershipüëèa week ago! NOW!on2 BRIAN JEAN!üëñ üëñCAN HE RIDE THE DONKEY?","Coordinates(longitude=-113.71368, latitude=53.395531)"
2022-02-16 08:10:00+00:00,LeonardGould3,"https://t.co/ZrXFbRWe6V  KENNEY JUST BLEW HIS LEADERSHIP of the UCP INSURRECTION PARTY, the UCP GOVERNMRNT of ALBERTA, and the prospects of the CANADIAN FEDERAL CPC/UCP HOTTENTOT formerly ""ERIN O'TOOLE"" PARTY, OUT HIS ASS! SLBERTA is DONE!  ‚úî With thesr MONKEYS!","Coordinates(longitude=-113.71368, latitude=53.395531)"
2022-02-13 02:15:17+00:00,fireexpert1959,"@JacquotLeGrand @lisamflower @Charlie85915085 It's an exercise in privilege. If this was a protest of racialized Canadians they would have been hammered into the ground by now. This whites only petulance party is being supported by the @CPC_HQ , @Alberta_UCP , and the police services supposed to be enforcing the law.","Coordinates(longitude=-119.625662, latitude=49.822037)"
2022-01-27 06:55:56+00:00,CrystalHealer,#ucp Jason Kenney is the Worst Thing Ever to happen not only to this party but to ALL of Alberta. I want to know what ALL other members of this once decent party are going to do to finally get him out of his position which for 2 years has been &amp; achieved the exact status of,"Coordinates(longitude=-114.755331, latitude=52.088613)"
2022-01-10 02:43:18+00:00,regwilkes,"@philmcrae @CMOH_Alberta @AdrianaLaGrange @jkenney @Alberta_UCP @calgaryherald @CTVCalgary @CBC @drdagly @schill_dawg @JustinTrudeau @edmontonjournal @RachelNotley @shoffmanAB It's Unbelievable and Impossible to understand the thinking, or lack thereof, behind this Useless Corruption Party!","Coordinates(longitude=-123.848844, latitude=49.431885)"
2022-01-02 01:25:22+00:00,LeonardGould3,"..the ALBERTA UCP PARTY ü•≥ of ""GRANNY MANNING"", and STEPHRN HARPER!, finananced 100%"" by AMERICAN BIG OIL INTERESTS!,&amp; ""HERMANN THE GERMAN"" acolytes of ""Donald The Orange üçä Sleaze-ball!-Trump!"",simply OFFENDED! Intelligent Voters, throughout CANADA! üá®üá¶ THEY R DONE! https://t.co/RDDWm4v8AA","Coordinates(longitude=-113.71368, latitude=53.395531)"
2022-01-02 01:17:43+00:00,LeonardGould3,"..""short arms,Big mouth ERIN O'TOOLE"",(a.k.a., BRIAN MULRONEY LIGHT!)-even with this unappealing, pseudo-BAY STREET,quasi-lawyer,the ALBERTA UCP BIBLE-THUMPIN' ERSATZ-TORY Party ""Pretenders""2the Throne of SIR JOHN A. MACDONALD!,could not draw FLIES! in the VOTE-RICH environs of . https://t.co/RDDWm4v8AA","Coordinates(longitude=-113.71368, latitude=53.395531)"
2021-12-26 17:04:55+00:00,ClarkeRaodi123,@JustinWieting He will split the UCP into 2 separate factions. Which I think is good. As there is a far right faction running Alberta right now. The facists and racists are in charge. The progressive and centrist Cs make up about 30% of the party. Its a white is right party.,"Coordinates(longitude=-113.71368, latitude=53.395531)"
2021-12-25 08:20:52+00:00,tracyinkits,@Kalie1956 @CMOH_Alberta Ask an O&amp;G exec who attended the UCP party....they might have a idea or six.,"Coordinates(longitude=-114.3160379, latitude=50.84278)"
2021-12-25 07:43:58+00:00,LeonardGould3,"https://t.co/rYEGe4isYs OMICRON lands in Alberta! Meanwhile, the UCP and ""The Kenney Clones"" dance an Irish Jig, drink Jamieson's Irish!, &amp; Party like its ü•≥ üéâ ü™Ö  1999!","Coordinates(longitude=-113.71368, latitude=53.395531)"
2021-12-23 03:07:39+00:00,Adamqab,@GCarabine @Alberta_UCP @UCPCaucus And they think that party in a COVID wave makes them competent to evaluate teacher conduct? #abed https://t.co/1aEJyfMMrz,"Coordinates(longitude=-114.048657, latitude=51.241238)"
2021-12-22 22:15:50+00:00,Iloveyql78,The @Alberta_UCP members who went to that party last night can all go FUCK OFF!!! https://t.co/OsGOUDedDd,"Coordinates(longitude=-114.3160379, latitude=50.84278)"
2021-12-13 18:27:22+00:00,tkoriordan,"Imagine being this bitter and angry. 

Now imagine what that will do to party governance. 

Now imagine what that may do to provincial governance. 

UCP petulance is bad for Alberta. https://t.co/Du5sW4n4h3","Coordinates(longitude=-113.71368, latitude=53.395531)"
2021-12-11 19:28:03+00:00,stangea,"@young_lorbyoung @Alberta_UCP gobsmacked anti democratic proposal to allow rich guys to manufacture unsolicited party memberships should be a national crisis, roundly condemned by the media. Instead, it's ü¶óü¶óü¶óü¶ó and has dropped off the news cycle. ‚òπÔ∏è","Coordinates(longitude=-105.626384, latitude=50.35293)"
2021-12-11 01:05:11+00:00,JenniferSangst2,@BarbLarochelle @jkenney @AdrianaLaGrange @Alberta_UCP I believe victims have the right to be heard. I‚Äôm not sure they have. I do not believe @Alberta_UCP is the right review party.   I had 3 kids attend the school at this time. Two teachers assaulted students during this timeframe apparently wildly known.,"Coordinates(longitude=-114.3160379, latitude=50.84278)"
2021-12-09 18:50:22+00:00,culanicki,"When is a Christmas party not a Christmas party?

When it's a @Alberta_UCP party.","Coordinates(longitude=-113.71368, latitude=53.395531)"
2021-12-08 21:48:23+00:00,threepeaks74,UCP working real hard to make Alberta a one party ruled province https://t.co/h7BIbBSOkz,"Coordinates(longitude=-64.621502, latitude=44.81197)"
